{
  "metadata": {
    "total_queries": 30,
    "timestamp": 1781854357.1137784
  },
  "aggregate": {
    "average_recall": 0.4,
    "average_precision": 0.43333333333333335,
    "average_latency": {
      "classify": 0.00014537333336193115,
      "planning": 0.11501521333314789,
      "retrieval": 1.579999904303501e-06,
      "generation": 0.0,
      "total": 0.11516216666641413
    },
    "aggregate_latency": {
      "classify": 0.004361200000857934,
      "planning": 3.4504563999944367,
      "retrieval": 4.739999712910503e-05,
      "generation": 0.0,
      "total": 3.4548649999924237
    },
    "aggregate_failures": {
      "empty_retrieval": 2,
      "timeout": 0,
      "planner_fallback": 7,
      "generation_failure": 0,
      "total_queries": 30
    },
    "failure_rates": {
      "empty_retrieval_rate": 0.06666666666666667,
      "timeout_rate": 0.0,
      "planner_fallback_rate": 0.23333333333333334,
      "generation_failure_rate": 0.0,
      "overall_failure_rate": 0.3
    }
  },
  "per_type": {
    "recall": {
      "simple": 0.5,
      "complex": 0.5,
      "multi_hop": 0.2
    },
    "precision": {
      "simple": 0.5,
      "complex": 0.5,
      "multi_hop": 0.3
    },
    "latency": {
      "simple": {
        "classify": 0.0019017000158783048,
        "planning": 3.4486655999935465,
        "retrieval": 1.7400001524947584e-05,
        "generation": 0.0,
        "total": 3.4505847000109497
      },
      "complex": {
        "classify": 0.0009762999834492803,
        "planning": 0.0007907000108389184,
        "retrieval": 1.2999997125007212e-05,
        "generation": 0.0,
        "total": 0.0017799999914132059
      },
      "multi_hop": {
        "classify": 0.0014832000015303493,
        "planning": 0.0010000999900512397,
        "retrieval": 1.6999998479150236e-05,
        "generation": 0.0,
        "total": 0.0025002999900607392
      }
    },
    "failures": {
      "simple": {
        "empty_retrieval": 0,
        "timeout": 0,
        "planner_fallback": 0,
        "generation_failure": 0,
        "total_queries": 10
      },
      "complex": {
        "empty_retrieval": 0,
        "timeout": 0,
        "planner_fallback": 5,
        "generation_failure": 0,
        "total_queries": 10
      },
      "multi_hop": {
        "empty_retrieval": 2,
        "timeout": 0,
        "planner_fallback": 2,
        "generation_failure": 0,
        "total_queries": 10
      }
    }
  },
  "queries": [
    {
      "id": "SIMPLE-001",
      "query_type": "simple",
      "latency": {
        "classify": 0.0002145999897038564,
        "planning": 3.448042899995926,
        "retrieval": 4.7000066842883825e-06,
        "generation": 0.0,
        "total": 3.448262199992314
      },
      "failures": {
        "empty_retrieval": 0,
        "timeout": 0,
        "planner_fallback": 0,
        "generation_failure": 0,
        "total_queries": 1
      },
      "recall": 1.0,
      "precision": 1.0
    },
    {
      "id": "SIMPLE-002",
      "query_type": "simple",
      "latency": {
        "classify": 0.0010556000052019954,
        "planning": 0.00012280000373721123,
        "retrieval": 3.40001133736223e-06,
        "generation": 0.0,
        "total": 0.0011818000202765688
      },
      "failures": {
        "empty_retrieval": 0,
        "timeout": 0,
        "planner_fallback": 0,
        "generation_failure": 0,
        "total_queries": 1
      },
      "recall": 1.0,
      "precision": 1.0
    },
    {
      "id": "SIMPLE-003",
      "query_type": "simple",
      "latency": {
        "classify": 9.339999814983457e-05,
        "planning": 8.009999874047935e-05,
        "retrieval": 1.4999968698248267e-06,
        "generation": 0.0,
        "total": 0.00017499999376013875
      },
      "failures": {
        "empty_retrieval": 0,
        "timeout": 0,
        "planner_fallback": 0,
        "generation_failure": 0,
        "total_queries": 1
      },
      "recall": 1.0,
      "precision": 1.0
    },
    {
      "id": "SIMPLE-004",
      "query_type": "simple",
      "latency": {
        "classify": 8.230000094044954e-05,
        "planning": 7.369999366346747e-05,
        "retrieval": 1.300009898841381e-06,
        "generation": 0.0,
        "total": 0.00015730000450275838
      },
      "failures": {
        "empty_retrieval": 0,
        "timeout": 0,
        "planner_fallback": 0,
        "generation_failure": 0,
        "total_queries": 1
      },
      "recall": 1.0,
      "precision": 1.0
    },
    {
      "id": "SIMPLE-005",
      "query_type": "simple",
      "latency": {
        "classify": 6.940000457689166e-05,
        "planning": 5.830000736750662e-05,
        "retrieval": 1.1999945854768157e-06,
        "generation": 0.0,
        "total": 0.0001289000065298751
      },
      "failures": {
        "empty_retrieval": 0,
        "timeout": 0,
        "planner_fallback": 0,
        "generation_failure": 0,
        "total_queries": 1
      },
      "recall": 1.0,
      "precision": 1.0
    },
    {
      "id": "SIMPLE-006",
      "query_type": "simple",
      "latency": {
        "classify": 0.00011560000712051988,
        "planning": 6.370000483002514e-05,
        "retrieval": 1.3999961083754897e-06,
        "generation": 0.0,
        "total": 0.0001807000080589205
      },
      "failures": {
        "empty_retrieval": 0,
        "timeout": 0,
        "planner_fallback": 0,
        "generation_failure": 0,
        "total_queries": 1
      },
      "recall": 0.0,
      "precision": 0.0
    },
    {
      "id": "SIMPLE-007",
      "query_type": "simple",
      "latency": {
        "classify": 5.7900004321709275e-05,
        "planning": 5.5900003644637764e-05,
        "retrieval": 1.1999945854768157e-06,
        "generation": 0.0,
        "total": 0.00011500000255182385
      },
      "failures": {
        "empty_retrieval": 0,
        "timeout": 0,
        "planner_fallback": 0,
        "generation_failure": 0,
        "total_queries": 1
      },
      "recall": 0.0,
      "precision": 0.0
    },
    {
      "id": "SIMPLE-008",
      "query_type": "simple",
      "latency": {
        "classify": 5.530001362785697e-05,
        "planning": 5.6599994422867894e-05,
        "retrieval": 1.00000761449337e-06,
        "generation": 0.0,
        "total": 0.00011290001566521823
      },
      "failures": {
        "empty_retrieval": 0,
        "timeout": 0,
        "planner_fallback": 0,
        "generation_failure": 0,
        "total_queries": 1
      },
      "recall": 0.0,
      "precision": 0.0
    },
    {
      "id": "SIMPLE-009",
      "query_type": "simple",
      "latency": {
        "classify": 5.6599994422867894e-05,
        "planning": 5.6899996707215905e-05,
        "retrieval": 9.999930625781417e-07,
        "generation": 0.0,
        "total": 0.00011449998419266194
      },
      "failures": {
        "empty_retrieval": 0,
        "timeout": 0,
        "planner_fallback": 0,
        "generation_failure": 0,
        "total_queries": 1
      },
      "recall": 0.0,
      "precision": 0.0
    },
    {
      "id": "SIMPLE-010",
      "query_type": "simple",
      "latency": {
        "classify": 0.00010099999781232327,
        "planning": 5.469999450724572e-05,
        "retrieval": 6.999907782301307e-07,
        "generation": 0.0,
        "total": 0.00015639998309779912
      },
      "failures": {
        "empty_retrieval": 0,
        "timeout": 0,
        "planner_fallback": 0,
        "generation_failure": 0,
        "total_queries": 1
      },
      "recall": 0.0,
      "precision": 0.0
    },
    {
      "id": "COMPLEX-001",
      "query_type": "complex",
      "latency": {
        "classify": 5.459999374579638e-05,
        "planning": 5.2700008382089436e-05,
        "retrieval": 1.0999938240274787e-06,
        "generation": 0.0,
        "total": 0.0001083999959519133
      },
      "failures": {
        "empty_retrieval": 0,
        "timeout": 0,
        "planner_fallback": 1,
        "generation_failure": 0,