{
  "metadata": {
    "total_queries": 30,
    "timestamp": 1781854357.1162834
  },
  "aggregate": {
    "average_recall": 0.4,
    "average_precision": 0.43333333333333335,
    "average_latency": {
      "classify": 8.035000112916653e-05,
      "planning": 4.393332346808165e-06,
      "retrieval": 9.933316808504363e-07,
      "generation": 0.0,
      "total": 8.573666515682513e-05
    },
    "aggregate_latency": {
      "classify": 0.002410500033874996,
      "planning": 0.00013179997040424496,
      "retrieval": 2.979995042551309e-05,
      "generation": 0.0,
      "total": 0.002572099954704754
    },
    "aggregate_failures": {
      "empty_retrieval": 2,
      "timeout": 0,
      "planner_fallback": 10,
      "generation_failure": 0,
      "total_queries": 30
    },
    "failure_rates": {
      "empty_retrieval_rate": 0.06666666666666667,
      "timeout_rate": 0.0,
      "planner_fallback_rate": 0.3333333333333333,
      "generation_failure_rate": 0.0,
      "overall_failure_rate": 0.4
    }
  },
  "per_type": {
    "recall": {
      "simple": 0.5,
      "complex": 0.5,
      "multi_hop": 0.2
    },
    "precision": {
      "simple": 0.5,
      "complex": 0.5,
      "multi_hop": 0.3
    },
    "latency": {
      "simple": {
        "classify": 0.0008908000163501129,
        "planning": 5.209997470956296e-05,
        "retrieval": 1.139998494181782e-05,
        "generation": 0.0,
        "total": 0.0009542999760014936
      },
      "complex": {
        "classify": 0.0007279000128619373,
        "planning": 4.050000279676169e-05,
        "retrieval": 9.299954399466515e-06,
        "generation": 0.0,
        "total": 0.0007776999700581655
      },
      "multi_hop": {
        "classify": 0.0007918000046629459,
        "planning": 3.919999289792031e-05,
        "retrieval": 9.100011084228754e-06,
        "generation": 0.0,
        "total": 0.0008401000086450949
      }
    },
    "failures": {
      "simple": {
        "empty_retrieval": 0,
        "timeout": 0,
        "planner_fallback": 0,
        "generation_failure": 0,
        "total_queries": 10
      },
      "complex": {
        "empty_retrieval": 0,
        "timeout": 0,
        "planner_fallback": 5,
        "generation_failure": 0,
        "total_queries": 10
      },
      "multi_hop": {
        "empty_retrieval": 2,
        "timeout": 0,
        "planner_fallback": 5,
        "generation_failure": 0,
        "total_queries": 10
      }
    }
  },
  "queries": [
    {
      "id": "SIMPLE-001",
      "query_type": "simple",
      "latency": {
        "classify": 0.0001475999888498336,
        "planning": 1.4199991710484028e-05,
        "retrieval": 2.3000029614195228e-06,
        "generation": 0.0,
        "total": 0.00016409998352173716
      },
      "failures": {
        "empty_retrieval": 0,
        "timeout": 0,
        "planner_fallback": 0,
        "generation_failure": 0,
        "total_queries": 1
      },
      "recall": 1.0,
      "precision": 1.0
    },
    {
      "id": "SIMPLE-002",
      "query_type": "simple",
      "latency": {
        "classify": 9.539999882690609e-05,
        "planning": 6.800008122809231e-06,
        "retrieval": 1.1999945854768157e-06,
        "generation": 0.0,
        "total": 0.00010340000153519213
      },
      "failures": {
        "empty_retrieval": 0,
        "timeout": 0,
        "planner_fallback": 0,
        "generation_failure": 0,
        "total_queries": 1
      },
      "recall": 1.0,
      "precision": 1.0
    },
    {
      "id": "SIMPLE-003",
      "query_type": "simple",
      "latency": {
        "classify": 8.730000990908593e-05,
        "planning": 4.799992893822491e-06,
        "retrieval": 1.100008375942707e-06,
        "generation": 0.0,
        "total": 9.320001117885113e-05
      },
      "failures": {
        "empty_retrieval": 0,
        "timeout": 0,
        "planner_fallback": 0,
        "generation_failure": 0,
        "total_queries": 1
      },
      "recall": 1.0,
      "precision": 1.0
    },
    {
      "id": "SIMPLE-004",
      "query_type": "simple",
      "latency": {
        "classify": 7.229999755509198e-05,
        "planning": 3.3999967854470015e-06,
        "retrieval": 1.0999938240274787e-06,
        "generation": 0.0,
        "total": 7.679998816456646e-05
      },
      "failures": {
        "empty_retrieval": 0,
        "timeout": 0,
        "planner_fallback": 0,
        "generation_failure": 0,
        "total_queries": 1
      },
      "recall": 1.0,
      "precision": 1.0
    },
    {
      "id": "SIMPLE-005",
      "query_type": "simple",
      "latency": {
        "classify": 7.190000906120986e-05,
        "planning": 3.6999990697950125e-06,
        "retrieval": 9.00006853044033e-07,
        "generation": 0.0,
        "total": 7.65000149840489e-05
      },
      "failures": {
        "empty_retrieval": 0,
        "timeout": 0,
        "planner_fallback": 0,
        "generation_failure": 0,
        "total_queries": 1
      },
      "recall": 1.0,
      "precision": 1.0
    },
    {
      "id": "SIMPLE-006",
      "query_type": "simple",
      "latency": {
        "classify": 0.00012759999663103372,
        "planning": 5.299996701069176e-06,
        "retrieval": 1.3999961083754897e-06,
        "generation": 0.0,
        "total": 0.00013429998944047838
      },
      "failures": {
        "empty_retrieval": 0,
        "timeout": 0,
        "planner_fallback": 0,
        "generation_failure": 0,
        "total_queries": 1
      },
      "recall": 0.0,
      "precision": 0.0
    },
    {
      "id": "SIMPLE-007",
      "query_type": "simple",
      "latency": {
        "classify": 7.660000119358301e-05,
        "planning": 4.1000021155923605e-06,
        "retrieval": 9.999930625781417e-07,
        "generation": 0.0,
        "total": 8.169999637175351e-05
      },
      "failures": {
        "empty_retrieval": 0,
        "timeout": 0,
        "planner_fallback": 0,
        "generation_failure": 0,
        "total_queries": 1
      },
      "recall": 0.0,
      "precision": 0.0
    },
    {
      "id": "SIMPLE-008",
      "query_type": "simple",
      "latency": {
        "classify": 7.050001295283437e-05,
        "planning": 3.2999960239976645e-06,
        "retrieval": 8.00006091594696e-07,
        "generation": 0.0,
        "total": 7.460001506842673e-05
      },
      "failures": {
        "empty_retrieval": 0,
        "timeout": 0,
        "planner_fallback": 0,
        "generation_failure": 0,
        "total_queries": 1
      },
      "recall": 0.0,
      "precision": 0.0
    },
    {
      "id": "SIMPLE-009",
      "query_type": "simple",
      "latency": {
        "classify": 7.769999501761049e-05,
        "planning": 3.3999967854470015e-06,
        "retrieval": 8.999923011288047e-07,
        "generation": 0.0,
        "total": 8.19999841041863e-05
      },
      "failures": {
        "empty_retrieval": 0,
        "timeout": 0,
        "planner_fallback": 0,
        "generation_failure": 0,
        "total_queries": 1
      },
      "recall": 0.0,
      "precision": 0.0
    },
    {
      "id": "SIMPLE-010",
      "query_type": "simple",
      "latency": {
        "classify": 6.390000635292381e-05,
        "planning": 3.0999945010989904e-06,
        "retrieval": 6.999907782301307e-07,
        "generation": 0.0,
        "total": 6.769999163225293e-05
      },
      "failures": {
        "empty_retrieval": 0,
        "timeout": 0,
        "planner_fallback": 0,
        "generation_failure": 0,
        "total_queries": 1
      },
      "recall": 0.0,
      "precision": 0.0
    },
    {
      "id": "COMPLEX-001",
      "query_type": "complex",
      "latency": {
        "classify": 7.03000114299357e-05,
        "planning": 6.50000583846122e-06,
        "retrieval": 1.0999938240274787e-06,
        "generation": 0.0,
        "total": 7.790001109242439e-05
      },
      "failures": {
        "empty_retrieval": 0,
        "timeout": 0,
        "planner_fallback": 1,
        "generation_failure": 0,