{
  "strategy_name": "isotonic",
  "params": {
    "X_thresholds_": [
      0.1002,
      0.1325,
      0.1424,
      0.1764,
      0.1805,
      0.4339,
      0.4468,
      0.8251,
      0.8278,
      0.9827
    ],
    "y_thresholds_": [
      0.6666666666666666,
      0.6666666666666666,
      0.75,
      0.75,
      0.7777777777777778,
      0.7777777777777778,
      0.8888888888888888,
      0.8888888888888888,
      1.0,
      1.0
    ]
  },
  "n_training_samples": 120,
  "accuracy": 0.8833333333333333,
  "ece": 1.4062824978585316e-16
}